{
  "hash": "fa2ee63a0da1f4d77418d16d707d930f",
  "result": {
    "engine": "knitr",
    "markdown": "---\ntitle: \"profed07\"\nformat:\n  html:\n    footer: |\n      <footer>\n        <p>© 2024 My Name. All rights reserved.</p>\n      </footer>\n---\n\n\n\n\n\nThis is a Quarto website.\n\nTo learn more about Quarto websites visit <https://quarto.org/docs/websites>.\n\n\n\n\n\n::: {.cell}\n\n```{.r .cell-code}\n1 + 1\n```\n\n::: {.cell-output .cell-output-stdout}\n\n```\n[1] 2\n```\n\n\n:::\n:::\n",
    "supporting": [],
    "filters": [
      "rmarkdown/pagebreak.lua"
    ],
    "includes": {},
    "engineDependencies": {},
    "preserve": {},
    "postProcess": true
  }
}